<application>
  <component name="ProjectJdkTable">
    <jdk version="2">
      <name value="1.8" />
      <type value="JavaSDK" />
      <version value="java version &quot;1.8.0_292&quot;" />
      <homePath value="$USER_HOME$/devtools/sdkman/candidates/java/8.0.292.hs-adpt" />
      <roots>
        <annotationsPath>
          <root type="composite">
            <root url="jar://$APPLICATION_HOME_DIR$/plugins/java/lib/resources/jdkAnnotations.jar!/" type="simple" />
          </root>
        </annotationsPath>
        <classPath>
          <root type="composite">
            <root url="jar://$USER_HOME$/devtools/sdkman/candidates/java/8.0.292.hs-adpt/jre/lib/charsets.jar!/" type="simple" />
            <root url="jar://$USER_HOME$/devtools/sdkman/candidates/java/8.0.292.hs-adpt/jre/lib/ext/cldrdata.jar!/" type="simple" />
            <root url="jar://$USER_HOME$/devtools/sdkman/candidates/java/8.0.292.hs-adpt/jre/lib/ext/dnsns.jar!/" type="simple" />
            <root url="jar://$USER_HOME$/devtools/sdkman/candidates/java/8.0.292.hs-adpt/jre/lib/ext/jaccess.jar!/" type="simple" />
            <root url="jar://$USER_HOME$/devtools/sdkman/candidates/java/8.0.292.hs-adpt/jre/lib/ext/localedata.jar!/" type="simple" />
            <root url="jar://$USER_HOME$/devtools/sdkman/candidates/java/8.0.292.hs-adpt/jre/lib/ext/nashorn.jar!/" type="simple" />
            <root url="jar://$USER_HOME$/devtools/sdkman/candidates/java/8.0.292.hs-adpt/jre/lib/ext/sunec.jar!/" type="simple" />
            <root url="jar://$USER_HOME$/devtools/sdkman/candidates/java/8.0.292.hs-adpt/jre/lib/ext/sunjce_provider.jar!/" type="simple" />
            <root url="jar://$USER_HOME$/devtools/sdkman/candidates/java/8.0.292.hs-adpt/jre/lib/ext/sunpkcs11.jar!/" type="simple" />
            <root url="jar://$USER_HOME$/devtools/sdkman/candidates/java/8.0.292.hs-adpt/jre/lib/ext/zipfs.jar!/" type="simple" />
            <root url="jar://$USER_HOME$/devtools/sdkman/candidates/java/8.0.292.hs-adpt/jre/lib/jce.jar!/" type="simple" />
            <root url="jar://$USER_HOME$/devtools/sdkman/candidates/java/8.0.292.hs-adpt/jre/lib/jfr.jar!/" type="simple" />
            <root url="jar://$USER_HOME$/devtools/sdkman/candidates/java/8.0.292.hs-adpt/jre/lib/jsse.jar!/" type="simple" />
            <root url="jar://$USER_HOME$/devtools/sdkman/candidates/java/8.0.292.hs-adpt/jre/lib/management-agent.jar!/" type="simple" />
            <root url="jar://$USER_HOME$/devtools/sdkman/candidates/java/8.0.292.hs-adpt/jre/lib/resources.jar!/" type="simple" />
            <root url="jar://$USER_HOME$/devtools/sdkman/candidates/java/8.0.292.hs-adpt/jre/lib/rt.jar!/" type="simple" />
          </root>
        </classPath>
        <javadocPath>
          <root type="composite" />
        </javadocPath>
        <sourcePath>
          <root type="composite">
            <root url="jar://$USER_HOME$/devtools/sdkman/candidates/java/8.0.292.hs-adpt/src.zip!/" type="simple" />
          </root>
        </sourcePath>
      </roots>
      <additional />
    </jdk>
    <jdk version="2">
      <name value="Kotlin SDK" />
      <type value="KotlinSDK" />
      <homePath value="" />
      <roots>
        <annotationsPath>
          <root type="composite" />
        </annotationsPath>
        <classPath>
          <root type="composite" />
        </classPath>
        <javadocPath>
          <root type="composite" />
        </javadocPath>
        <sourcePath>
          <root type="composite" />
        </sourcePath>
      </roots>
      <additional />
    </jdk>
    <jdk version="2">
      <name value="adopt-1.8" />
      <type value="JavaSDK" />
      <version value="AdoptOpenJDK (HotSpot) version 1.8.0_292" />
      <homePath value="$USER_HOME$/devtools/sdkman/candidates/java/current" />
      <roots>
        <annotationsPath>
          <root type="composite">
            <root url="jar://$APPLICATION_HOME_DIR$/plugins/java/lib/resources/jdkAnnotations.jar!/" type="simple" />
          </root>
        </annotationsPath>
        <classPath>
          <root type="composite">
            <root url="jar://$USER_HOME$/devtools/sdkman/candidates/java/current/jre/lib/charsets.jar!/" type="simple" />
            <root url="jar://$USER_HOME$/devtools/sdkman/candidates/java/current/jre/lib/ext/cldrdata.jar!/" type="simple" />
            <root url="jar://$USER_HOME$/devtools/sdkman/candidates/java/current/jre/lib/ext/dnsns.jar!/" type="simple" />
            <root url="jar://$USER_HOME$/devtools/sdkman/candidates/java/current/jre/lib/ext/jaccess.jar!/" type="simple" />
            <root url="jar://$USER_HOME$/devtools/sdkman/candidates/java/current/jre/lib/ext/localedata.jar!/" type="simple" />
            <root url="jar://$USER_HOME$/devtools/sdkman/candidates/java/current/jre/lib/ext/nashorn.jar!/" type="simple" />
            <root url="jar://$USER_HOME$/devtools/sdkman/candidates/java/current/jre/lib/ext/sunec.jar!/" type="simple" />
            <root url="jar://$USER_HOME$/devtools/sdkman/candidates/java/current/jre/lib/ext/sunjce_provider.jar!/" type="simple" />
            <root url="jar://$USER_HOME$/devtools/sdkman/candidates/java/current/jre/lib/ext/sunpkcs11.jar!/" type="simple" />
            <root url="jar://$USER_HOME$/devtools/sdkman/candidates/java/current/jre/lib/ext/zipfs.jar!/" type="simple" />
            <root url="jar://$USER_HOME$/devtools/sdkman/candidates/java/current/jre/lib/jce.jar!/" type="simple" />
            <root url="jar://$USER_HOME$/devtools/sdkman/candidates/java/current/jre/lib/jfr.jar!/" type="simple" />
            <root url="jar://$USER_HOME$/devtools/sdkman/candidates/java/current/jre/lib/jsse.jar!/" type="simple" />
            <root url="jar://$USER_HOME$/devtools/sdkman/candidates/java/current/jre/lib/management-agent.jar!/" type="simple" />
            <root url="jar://$USER_HOME$/devtools/sdkman/candidates/java/current/jre/lib/resources.jar!/" type="simple" />
            <root url="jar://$USER_HOME$/devtools/sdkman/candidates/java/current/jre/lib/rt.jar!/" type="simple" />
          </root>
        </classPath>
        <javadocPath>
          <root type="composite" />
        </javadocPath>
        <sourcePath>
          <root type="composite">
            <root url="jar://$USER_HOME$/devtools/sdkman/candidates/java/current/src.zip!/" type="simple" />
          </root>
        </sourcePath>
      </roots>
      <additional />
    </jdk>
    <jdk version="2">
      <name value="jbr-17" />
      <type value="JavaSDK" />
      <version value="JetBrains Runtime version 17.0.3" />
      <homePath value="$APPLICATION_HOME_DIR$/jbr" />
      <roots>
        <annotationsPath>
          <root type="composite">
            <root url="jar://$APPLICATION_HOME_DIR$/plugins/java/lib/resources/jdkAnnotations.jar!/" type="simple" />
          </root>
        </annotationsPath>
        <classPath>
          <root type="composite">
            <root url="jrt:///home/bbrisset/.local/share/JetBrains/Toolbox/apps/IDEA-C/ch-0/222.3345.118/jbr!/gluegen.rt" type="simple" />
            <root url="jrt:///home/bbrisset/.local/share/JetBrains/Toolbox/apps/IDEA-C/ch-0/222.3345.118/jbr!/java.base" type="simple" />
            <root url="jrt:///home/bbrisset/.local/share/JetBrains/Toolbox/apps/IDEA-C/ch-0/222.3345.118/jbr!/java.compiler" type="simple" />
            <root url="jrt:///home/bbrisset/.local/share/JetBrains/Toolbox/apps/IDEA-C/ch-0/222.3345.118/jbr!/java.datatransfer" type="simple" />
            <root url="jrt:///home/bbrisset/.local/share/JetBrains/Toolbox/apps/IDEA-C/ch-0/222.3345.118/jbr!/java.desktop" type="simple" />
            <root url="jrt:///home/bbrisset/.local/share/JetBrains/Toolbox/apps/IDEA-C/ch-0/222.3345.118/jbr!/java.instrument" type="simple" />
            <root url="jrt:///home/bbrisset/.local/share/JetBrains/Toolbox/apps/IDEA-C/ch-0/222.3345.118/jbr!/java.logging" type="simple" />
            <root url="jrt:///home/bbrisset/.local/share/JetBrains/Toolbox/apps/IDEA-C/ch-0/222.3345.118/jbr!/java.management" type="simple" />
            <root url="jrt:///home/bbrisset/.local/share/JetBrains/Toolbox/apps/IDEA-C/ch-0/222.3345.118/jbr!/java.management.rmi" type="simple" />
            <root url="jrt:///home/bbrisset/.local/share/JetBrains/Toolbox/apps/IDEA-C/ch-0/222.3345.118/jbr!/java.naming" type="simple" />
            <root url="jrt:///home/bbrisset/.local/share/JetBrains/Toolbox/apps/IDEA-C/ch-0/222.3345.118/jbr!/java.net.http" type="simple" />
            <root url="jrt:///home/bbrisset/.local/share/JetBrains/Toolbox/apps/IDEA-C/ch-0/222.3345.118/jbr!/java.prefs" type="simple" />
            <root url="jrt:///home/bbrisset/.local/share/JetBrains/Toolbox/apps/IDEA-C/ch-0/222.3345.118/jbr!/java.rmi" type="simple" />
            <root url="jrt:///home/bbrisset/.local/share/JetBrains/Toolbox/apps/IDEA-C/ch-0/222.3345.118/jbr!/java.scripting" type="simple" />
            <root url="jrt:///home/bbrisset/.local/share/JetBrains/Toolbox/apps/IDEA-C/ch-0/222.3345.118/jbr!/java.se" type="simple" />
            <root url="jrt:///home/bbrisset/.local/share/JetBrains/Toolbox/apps/IDEA-C/ch-0/222.3345.118/jbr!/java.security.jgss" type="simple" />
            <root url="jrt:///home/bbrisset/.local/share/JetBrains/Toolbox/apps/IDEA-C/ch-0/222.3345.118/jbr!/java.security.sasl" type="simple" />
            <root url="jrt:///home/bbrisset/.local/share/JetBrains/Toolbox/apps/IDEA-C/ch-0/222.3345.118/jbr!/java.smartcardio" type="simple" />
            <root url="jrt:///home/bbrisset/.local/share/JetBrains/Toolbox/apps/IDEA-C/ch-0/222.3345.118/jbr!/java.sql" type="simple" />
            <root url="jrt:///home/bbrisset/.local/share/JetBrains/Toolbox/apps/IDEA-C/ch-0/222.3345.118/jbr!/java.sql.rowset" type="simple" />
            <root url="jrt:///home/bbrisset/.local/share/JetBrains/Toolbox/apps/IDEA-C/ch-0/222.3345.118/jbr!/java.transaction.xa" type="simple" />
            <root url="jrt:///home/bbrisset/.local/share/JetBrains/Toolbox/apps/IDEA-C/ch-0/222.3345.118/jbr!/java.xml" type="simple" />
            <root url="jrt:///home/bbrisset/.local/share/JetBrains/Toolbox/apps/IDEA-C/ch-0/222.3345.118/jbr!/java.xml.crypto" type="simple" />
            <root url="jrt:///home/bbrisset/.local/share/JetBrains/Toolbox/apps/IDEA-C/ch-0/222.3345.118/jbr!/jcef" type="simple" />
            <root url="jrt:///home/bbrisset/.local/share/JetBrains/Toolbox/apps/IDEA-C/ch-0/222.3345.118/jbr!/jdk.accessibility" type="simple" />
            <root url="jrt:///home/bbrisset/.local/share/JetBrains/Toolbox/apps/IDEA-C/ch-0/222.3345.118/jbr!/jdk.attach" type="simple" />
            <root url="jrt:///home/bbrisset/.local/share/JetBrains/Toolbox/apps/IDEA-C/ch-0/222.3345.118/jbr!/jdk.charsets" type="simple" />
            <root url="jrt:///home/bbrisset/.local/share/JetBrains/Toolbox/apps/IDEA-C/ch-0/222.3345.118/jbr!/jdk.compiler" type="simple" />
            <root url="jrt:///home/bbrisset/.local/share/JetBrains/Toolbox/apps/IDEA-C/ch-0/222.3345.118/jbr!/jdk.crypto.cryptoki" type="simple" />
            <root url="jrt:///home/bbrisset/.local/share/JetBrains/Toolbox/apps/IDEA-C/ch-0/222.3345.118/jbr!/jdk.crypto.ec" type="simple" />
            <root url="jrt:///home/bbrisset/.local/share/JetBrains/Toolbox/apps/IDEA-C/ch-0/222.3345.118/jbr!/jdk.dynalink" type="simple" />
            <root url="jrt:///home/bbrisset/.local/share/JetBrains/Toolbox/apps/IDEA-C/ch-0/222.3345.118/jbr!/jdk.hotspot.agent" type="simple" />
            <root url="jrt:///home/bbrisset/.local/share/JetBrains/Toolbox/apps/IDEA-C/ch-0/222.3345.118/jbr!/jdk.httpserver" type="simple" />
            <root url="jrt:///home/bbrisset/.local/share/JetBrains/Toolbox/apps/IDEA-C/ch-0/222.3345.118/jbr!/jdk.internal.ed" type="simple" />
            <root url="jrt:///home/bbrisset/.local/share/JetBrains/Toolbox/apps/IDEA-C/ch-0/222.3345.118/jbr!/jdk.internal.jvmstat" type="simple" />
            <root url="jrt:///home/bbrisset/.local/share/JetBrains/Toolbox/apps/IDEA-C/ch-0/222.3345.118/jbr!/jdk.internal.le" type="simple" />
            <root url="jrt:///home/bbrisset/.local/share/JetBrains/Toolbox/apps/IDEA-C/ch-0/222.3345.118/jbr!/jdk.internal.vm.ci" type="simple" />
            <root url="jrt:///home/bbrisset/.local/share/JetBrains/Toolbox/apps/IDEA-C/ch-0/222.3345.118/jbr!/jdk.javadoc" type="simple" />
            <root url="jrt:///home/bbrisset/.local/share/JetBrains/Toolbox/apps/IDEA-C/ch-0/222.3345.118/jbr!/jdk.jcmd" type="simple" />
            <root url="jrt:///home/bbrisset/.local/share/JetBrains/Toolbox/apps/IDEA-C/ch-0/222.3345.118/jbr!/jdk.jdi" type="simple" />
            <root url="jrt:///home/bbrisset/.local/share/JetBrains/Toolbox/apps/IDEA-C/ch-0/222.3345.118/jbr!/jdk.jdwp.agent" type="simple" />
            <root url="jrt:///home/bbrisset/.local/share/JetBrains/Toolbox/apps/IDEA-C/ch-0/222.3345.118/jbr!/jdk.jfr" type="simple" />
            <root url="jrt:///home/bbrisset/.local/share/JetBrains/Toolbox/apps/IDEA-C/ch-0/222.3345.118/jbr!/jdk.jsobject" type="simple" />
            <root url="jrt:///home/bbrisset/.local/share/JetBrains/Toolbox/apps/IDEA-C/ch-0/222.3345.118/jbr!/jdk.localedata" type="simple" />
            <root url="jrt:///home/bbrisset/.local/share/JetBrains/Toolbox/apps/IDEA-C/ch-0/222.3345.118/jbr!/jdk.management" type="simple" />
            <root url="jrt:///home/bbrisset/.local/share/JetBrains/Toolbox/apps/IDEA-C/ch-0/222.3345.118/jbr!/jdk.management.agent" type="simple" />
            <root url="jrt:///home/bbrisset/.local/share/JetBrains/Toolbox/apps/IDEA-C/ch-0/222.3345.118/jbr!/jdk.management.jfr" type="simple" />
            <root url="jrt:///home/bbrisset/.local/share/JetBrains/Toolbox/apps/IDEA-C/ch-0/222.3345.118/jbr!/jdk.naming.dns" type="simple" />
            <root url="jrt:///home/bbrisset/.local/share/JetBrains/Toolbox/apps/IDEA-C/ch-0/222.3345.118/jbr!/jdk.naming.rmi" type="simple" />
            <root url="jrt:///home/bbrisset/.local/share/JetBrains/Toolbox/apps/IDEA-C/ch-0/222.3345.118/jbr!/jdk.net" type="simple" />
            <root url="jrt:///home/bbrisset/.local/share/JetBrains/Toolbox/apps/IDEA-C/ch-0/222.3345.118/jbr!/jdk.sctp" type="simple" />
            <root url="jrt:///home/bbrisset/.local/share/JetBrains/Toolbox/apps/IDEA-C/ch-0/222.3345.118/jbr!/jdk.security.auth" type="simple" />
            <root url="jrt:///home/bbrisset/.local/share/JetBrains/Toolbox/apps/IDEA-C/ch-0/222.3345.118/jbr!/jdk.security.jgss" type="simple" />
            <root url="jrt:///home/bbrisset/.local/share/JetBrains/Toolbox/apps/IDEA-C/ch-0/222.3345.118/jbr!/jdk.unsupported" type="simple" />
            <root url="jrt:///home/bbrisset/.local/share/JetBrains/Toolbox/apps/IDEA-C/ch-0/222.3345.118/jbr!/jdk.unsupported.desktop" type="simple" />
            <root url="jrt:///home/bbrisset/.local/share/JetBrains/Toolbox/apps/IDEA-C/ch-0/222.3345.118/jbr!/jdk.xml.dom" type="simple" />
            <root url="jrt:///home/bbrisset/.local/share/JetBrains/Toolbox/apps/IDEA-C/ch-0/222.3345.118/jbr!/jdk.zipfs" type="simple" />
            <root url="jrt:///home/bbrisset/.local/share/JetBrains/Toolbox/apps/IDEA-C/ch-0/222.3345.118/jbr!/jogl.all" type="simple" />
          </root>
        </classPath>
        <javadocPath>
          <root type="composite">
            <root url="https://docs.oracle.com/en/java/javase/17/docs/api/" type="simple" />
          </root>
        </javadocPath>
        <sourcePath>
          <root type="composite" />
        </sourcePath>
      </roots>
      <additional />
    </jdk>
  </component>
</application>